Position,Company,Location,URL
2023년 KB국민카드 ICT부문의 전체 세부 정보,KB국민카드,서울 종로구,https://kr.indeed.com/{link}
라인프렌즈[IPX] 2022년 각 부문 수시의 전체 세부 정보,IPX,서울 용산구,https://kr.indeed.com/{link}
각 부문별의 전체 세부 정보,두나무,서울 강남구,https://kr.indeed.com/{link}
2023년 3월 롯데정보통신 경력사원의 전체 세부 정보,롯데정보통신,서울 금천구,https://kr.indeed.com/{link}
[양재역] 데이터분석(석박사급 R Python Matlab)의 전체 세부 정보,시니어앤파트너즈,서울 서초구,https://kr.indeed.com/{link}
데이터분석 신입/경력 정규직의 전체 세부 정보,블록스퀘어서울,서울 서초구,https://kr.indeed.com/{link}
기술 인턴 인공지능 응용 연구/개발 인턴의 전체 세부 정보,써로마인드로보틱스,서울 관악구,https://kr.indeed.com/{link}
백엔드 개발자(인턴십)의 전체 세부 정보,액스,서울 서초구,https://kr.indeed.com/{link}
2023년 DIgital Lab 전문계약직 상시의 전체 세부 정보,GS칼텍스,서울 강남구,https://kr.indeed.com/{link}
인공지능(AI) 기술 개발(신입)의 전체 세부 정보,(주)RGA Inc.,서울 강남역,https://kr.indeed.com/{link}
JR0192526 SW engineer intern의 전체 세부 정보,인텔코리아,서울,https://kr.indeed.com/{link}
서버 엔지니어 (Python)의 전체 세부 정보,페이히어,서울 강남구,https://kr.indeed.com/{link}
그룹공동 마이데이터 분석 플랫폼(데이터분석가)의 전체 세부 정보,KB데이타시스템,서울 마포구,https://kr.indeed.com/{link}
Data/Machine Learning Engineer (신입)의 전체 세부 정보,플리토,서울 강남구,https://kr.indeed.com/{link}
Python Backend Engineer의 전체 세부 정보,두나무,서울 강남구,https://kr.indeed.com/{link}
파이썬 개발자 초중급 이상의 전체 세부 정보,데이터앤솔루션,서울 서초구,https://kr.indeed.com/{link}
비즈니스 데이터 분석가 (Business Data Analyst) 영입의 전체 세부 정보,카카오페이,성남 분당구,https://kr.indeed.com/{link}
2023년 상반기 백엔드 개발자의 전체 세부 정보,반달소프트,성남 분당구,https://kr.indeed.com/{link}
디지털 자산 리서치 인턴의 전체 세부 정보,두나무,서울 강남구,https://kr.indeed.com/{link}
[선릉역] 서버개발 백엔드(앱 웹 AWS Python)의 전체 세부 정보,시니어앤파트너즈,서울 강남구,https://kr.indeed.com/{link}
데이터마이닝  인공지능(AI) 외 경력의 전체 세부 정보,루벤티스,서울 강남구,https://kr.indeed.com/{link}
2023년 메타버스 아카데미 2기 교육생의 전체 세부 정보,한국전파진흥협회,성남 분당구,https://kr.indeed.com/{link}
[SAPEON Korea] Frontend Compiler Engineer의 전체 세부 정보,사피온코리아,성남 분당구,https://kr.indeed.com/{link}
[ULVAC] 한국알박(주) 2023년 R&D부문 신입/경력의 전체 세부 정보,한국알박,성남 분당구,https://kr.indeed.com/{link}
Python 분석 인원 정규직 채용의 전체 세부 정보,(주)스마트모빌러티 관심기업,서울 휘경동,https://kr.indeed.com/{link}
Machine Learning R&D 연구원의 전체 세부 정보,카이어,서울 서초구,https://kr.indeed.com/{link}
백엔드 엔지니어 (Python/Javascript)의 전체 세부 정보,시스메틱,서울 영등포구,https://kr.indeed.com/{link}
웹개발  백엔드 외 신입/경력 정규직의 전체 세부 정보,코인챗,서울 강남구,https://kr.indeed.com/{link}
디지털 자산 리서치 인턴의 전체 세부 정보,Dunamu,서울,https://kr.indeed.com/{link}
Battery DT혁신 경력의 전체 세부 정보,에스케이온,서울 종로구,https://kr.indeed.com/{link}
파이썬(python) 백엔드 개발자 (전문연구요원 가능)의 전체 세부 정보,아토머스,서울 강남구,https://kr.indeed.com/{link}
AI 연구 MLOps의 전체 세부 정보,코그넷나인,서울 서초구,https://kr.indeed.com/{link}
개발자 - Python 서버 프로그램 개발의 전체 세부 정보,바인테크,서울 송파구,https://kr.indeed.com/{link}
[병역 특례 가능] 백엔드 엔지니어(Python)의 전체 세부 정보,피플펀드컴퍼니,서울 서초구,https://kr.indeed.com/{link}
2023년 (주)하람아이 AI팀의 전체 세부 정보,하람아이,성남 수정구,https://kr.indeed.com/{link}
Data Scientist의 전체 세부 정보,Toss,서울,https://kr.indeed.com/{link}
[크라우드웍스] NLP 엔지니어의 전체 세부 정보,크라우드웍스,서울 강남구,https://kr.indeed.com/{link}
딥러닝 통한 인공지능 솔루션 개발자의 전체 세부 정보,엘세븐시큐리티,서울 송파구,https://kr.indeed.com/{link}
2023년 3월 롯데정보통신 Software/Infra/Data Scientist 신입사원 일반전형의 전체 세부 정보,롯데정보통신,서울 금천구,https://kr.indeed.com/{link}
[금융SM] 그룹공동 마이데이터 분석플랫폼(수집적재/분석모델) Tech 경력 정규의 전체 세부 정보,KB데이타시스템,서울 마포구,https://kr.indeed.com/{link}
[TaaS] Data Scientist[연구원  책임연구원]의 전체 세부 정보,현대자동차그룹,서울 강남구,https://kr.indeed.com/{link}
[KR] Solutions Engineer  TikTok Ads의 전체 세부 정보,TikTok,서울,https://kr.indeed.com/{link}
데이터표준품질부문 경력직 (정규직)의 전체 세부 정보,한국정보기술단,서울 강남구,https://kr.indeed.com/{link}
프론트엔드/백엔드 개발자 상시의 전체 세부 정보,에스디에이에이,서울 성동구,https://kr.indeed.com/{link}
AI 백엔드 개발부문 인재의 전체 세부 정보,신세계아이앤씨,서울 중구,https://kr.indeed.com/{link}
자율 주행  로봇 SW 개발자의 전체 세부 정보,에바,성남 수정구,https://kr.indeed.com/{link}
[올라핀테크] 핀테크 플랫폼 Python(파이썬) 개발자의 전체 세부 정보,주식회사 올라핀테크 관심기업,서울 논현동,https://kr.indeed.com/{link}
[병역 특례 가능] 백엔드 엔지니어(Python)의 전체 세부 정보,피플펀드컴퍼니,서울 서초구,https://kr.indeed.com/{link}
[글로벌 대형 디지털마케팅 기업] CRM 데이터 분의 전체 세부 정보,국내 대기업 그룹 유통 계열사,서울 용산구,https://kr.indeed.com/{link}
Data Scientist in Financial의 전체 세부 정보,페니로이스,서울 종로구,https://kr.indeed.com/{link}
MLOps Engineer의 전체 세부 정보,비바리퍼블리카,서울 강남구,https://kr.indeed.com/{link}
데이터플랫폼/기준정보 부문 경력의 전체 세부 정보,현대오토에버,서울 강남구,https://kr.indeed.com/{link}
[NHN Enterprise] 클라우드 플랫폼 운영 엔지니어의 전체 세부 정보,엔에이치엔엔터프라이즈,성남 분당구,https://kr.indeed.com/{link}
[AI Lab] AI Assistant 자연어이해 모델 연구/개발자 영입의 전체 세부 정보,카카오엔터프라이즈,성남 분당구,https://kr.indeed.com/{link}
레드팀 스페셜리스트 경력의 전체 세부 정보,현대오토에버,서울 강남구,https://kr.indeed.com/{link}
[2023 전문연구요원] AI R&D-Language AI의 전체 세부 정보,엔씨소프트,성남 판교역,https://kr.indeed.com/{link}
Web Frontend/Backend의 전체 세부 정보,람다256,서울 강남구,https://kr.indeed.com/{link}
2023년 서초구 4차산업 소프트웨어 과정의 전체 세부 정보,노브레이크,서울 성동구,https://kr.indeed.com/{link}
전문연구요원 (병역특례) 수시 (AI / SW 분야)의 전체 세부 정보,딥엑스,성남 분당구,https://kr.indeed.com/{link}
웹개발  프론트엔드 신입/경력 계약직의 전체 세부 정보,뮤레파코리아,성남 수정구,https://kr.indeed.com/{link}
GIST교원창업기업 리버밴스(주) 개발자의 전체 세부 정보,리버밴스,서울 강남구,https://kr.indeed.com/{link}
[KR] 파이썬 백엔드 엔지니어(2022)의 전체 세부 정보,올거나이즈코리아,서울 강남구,https://kr.indeed.com/{link}
Machine Learning Researcher (Computer Vision)의 전체 세부 정보,BOEING,서울,https://kr.indeed.com/{link}
Data Engineering[책임매니저(G3)]의 전체 세부 정보,현대자동차그룹,서울 양재역,https://kr.indeed.com/{link}
[에너지IT기업 해줌] 백엔드 개발자의 전체 세부 정보,해줌,서울 송파구,https://kr.indeed.com/{link}
2023년 3월 롯데정보통신 Software/Infra/Data Scientist 신입사원 일반전형의 전체 세부 정보,롯데정보통신,서울 금천구,https://kr.indeed.com/{link}
위시켓과 함께할 서버개발자님의 전체 세부 정보,위시켓,서울 강남구,https://kr.indeed.com/{link}
AI 백엔드 개발부문 인재의 전체 세부 정보,신세계아이앤씨,서울 중구,https://kr.indeed.com/{link}
딥러닝 알고리즘 및 응용 Engineer의 전체 세부 정보,딥엑스,성남 분당구,https://kr.indeed.com/{link}
팩토리 이노베이션[경력]의 전체 세부 정보,현대자동차그룹,서울 강남구,https://kr.indeed.com/{link}
Data Engineer의 전체 세부 정보,비바리퍼블리카,서울 강남구,https://kr.indeed.com/{link}
[로민] 백엔드(Back-end) 개발자의 전체 세부 정보,로민,서울 서초구,https://kr.indeed.com/{link}
DBA (Database Administration) - 당근페이의 전체 세부 정보,당근마켓,서울 서초구,https://kr.indeed.com/{link}
한국행동과학연구소 전산직의 전체 세부 정보,한국행동과학연구소,서울 강남구,https://kr.indeed.com/{link}
[삼성중공업 취업률 60] 23년 DT 제조혁신 양성과정의 전체 세부 정보,삼성중공업 거제조선소,경상남도,https://kr.indeed.com/{link}
Full Stack Software Engineer (React / Python),Trustworthy,Anywhere in the World,https://weworkremotely.com/remote-jobs/trustworthy-full-stack-software-engineer-react-python
Senior Open Source Developer & DevOps (Python  Django  React  AWS/OpenStack),OpenCraft,Anywhere in the World,https://weworkremotely.com/remote-jobs/opencraft-senior-open-source-developer-devops-python-django-react-aws-openstack
Senior Python Engineer: Long-term job - 100% remote,Proxify AB,Anywhere in the World,https://weworkremotely.com/remote-jobs/proxify-ab-senior-python-engineer-long-term-job-100-remote
Senior Python Engineer (Django),Parallel,USA Only,https://weworkremotely.com/remote-jobs/parallel-senior-python-engineer-django
Senior Backend Engineer (Python),TestGorilla,Anywhere in the World,https://weworkremotely.com/remote-jobs/testgorilla-senior-backend-engineer-python-10
Python Platform Engineer,Doximity,Americas Only,https://weworkremotely.com/remote-jobs/doximity-python-platform-engineer
Software Engineer in Test – Python – Cyprus  Greece or Remote ,XM,Anywhere in the World,https://weworkremotely.com/remote-jobs/xm-software-engineer-in-test-python-cyprus-greece-or-remote-2
